{"cameraMode":{"drawMode":0,"name":"Shaded","section":"Shading Mode"},"sceneLighting":true,"audioPlay":false,"sceneViewState":{"showFog":true,"showMaterialUpdate":true,"showSkybox":true,"showFlares":true,"showImageEffects":true,"showParticleSystems":true},"in2DMode":false,"pivot":{"x":1288.433837890625,"y":260.515380859375,"z":-47.2747802734375},"rotation":{"x":-0.08766939491033554,"y":0.9121523499488831,"z":-0.27349942922592165,"w":-0.29238778352737429},"size":1290.966552734375,"orthographic":false}